<?xml version="1.0" encoding="utf-8"?>
    <layer-list xmlns:android="http://schemas.android.com/apk/res/android">
        <item>
            <shape android:shape="rectangle">
                <solid android:color="@color/white"> </solid>
                <corners android:radius="8dp"> </corners>
            </shape>
        </item>
        <item android:left="8dp">
            <shape android:shape="rectangle">
                <solid android:color="@color/white"> </solid>
                <corners android:radius="8dp"> </corners>
            </shape>
        </item>
        <item android:left="8dp" android:top="8dp">
            <shape android:shape="rectangle">
                <solid android:color="@color/white"> </solid>
                <corners android:radius="8dp"> </corners>
            </shape>
        </item>
        <item android:left="8dp" android:top="8dp" android:right="8dp">
            <shape android:shape="rectangle">
                <solid android:color="@color/white"> </solid>
                <corners android:radius="8dp"> </corners>
            </shape>
        </item>
        <item android:left="8dp" android:top="8dp" android:right="8dp" android:bottom="8dp">
            <shape android:shape="rectangle">
                <solid android:color="@color/purple_500"> </solid>
                <corners android:radius="8dp"> </corners>
            </shape>
        </item>

    </layer-list>